symbol,company,weight,sector,shares_held
MSFT,Microsoft Corporation,0.04262629700631674,Information Technology,85841100
AAPL,Apple Inc.,0.03544460744929322,Information Technology,48965524
AMZN,Amazon.com Inc.,0.03326145064835859,Consumer Discretionary,4632684
FB,Facebook Inc. Class A,0.019432047180515964,Communication Services,26914088
BRK.B,Berkshire Hathaway Inc. Class B,0.016595492444457398,Financials,21697908
JNJ,Johnson & Johnson,0.01495187885577105,Health Care,29742706
JPM,JPMorgan Chase & Co.,0.014876916986338586,Financials,36339690
GOOG,Alphabet Inc. Class C,0.014094633902742132,Communication Services,3433223
GOOGL,Alphabet Inc. Class A,0.013769982718014646,Communication Services,3354523
XOM,Exxon Mobil Corporation,0.013191676829227079,Energy,47398000
V,Visa Inc. Class A,0.012632857421593074,Information Technology,19480548
PG,Procter & Gamble Company,0.011531550800960967,Consumer Staples,28099044
BAC,Bank of America Corp,0.01043495057608537,Financials,99057680
DIS,Walt Disney Company,0.010072898565505596,Communication Services,19555766
MA,Mastercard Incorporated Class A,0.01006527820982324,Information Technology,10079410
UNH,UnitedHealth Group Incorporated,0.009975436118913798,Health Care,10645815
CSCO,Cisco Systems Inc.,0.009858807626624201,Information Technology,47953864
T,AT&T Inc.,0.009814837873928776,Communication Services,81754370
CVX,Chevron Corporation,0.009603460622813373,Energy,21339296
PFE,Pfizer Inc.,0.009590773381486771,Health Care,62192904
HD,Home Depot Inc.,0.009465593267971511,Consumer Discretionary,12325555
VZ,Verizon Communications Inc.,0.00946163789281444,Communication Services,46329268
INTC,Intel Corporation,0.008749800541445798,Information Technology,50178250
MRK,Merck & Co. Inc.,0.008382190978430138,Health Care,28842078
KO,Coca-Cola Company,0.008030933637266363,Consumer Staples,43011324
CMCSA,Comcast Corporation Class A,0.008024745227526948,Communication Services,50739200
WFC,Wells Fargo & Company,0.007663914877122265,Financials,45312172
PEP,PepsiCo Inc.,0.007569736893952036,Consumer Staples,15703517
BA,Boeing Company,0.0075519126717252414,Industrials,5862955
NFLX,Netflix Inc.,0.006668682405955574,Communication Services,4897588
C,Citigroup Inc.,0.006655764851645144,Financials,25904668
MCD,McDonald's Corporation,0.006523595239751059,Consumer Discretionary,8548576
WMT,Walmart Inc.,0.0064048939306069995,Consumer Staples,15669878
ABT,Abbott Laboratories,0.006081744787078401,Health Care,19762712
ADBE,Adobe Inc.,0.006032828312034639,Information Technology,5466237
ORCL,Oracle Corporation,0.005850871041201441,Information Technology,27182866
PYPL,PayPal Holdings Inc,0.005697582730051004,Information Technology,13161851
MDT,Medtronic Plc,0.005388642896263879,Health Care,15018739
HON,Honeywell International Inc.,0.005105438035017688,Industrials,8152519
PM,Philip Morris International Inc.,0.005081375335011514,Consumer Staples,17428436
IBM,International Business Machines Corporation,0.005024778422637443,Information Technology,9915467
ACN,Accenture Plc Class A,0.004990762196286644,Information Technology,7145319
CRM,salesforce.com inc.,0.004959549780173767,Information Technology,8699049
COST,Costco Wholesale Corporation,0.00488826290487458,Consumer Staples,4926634
UNP,Union Pacific Corporation,0.00488640037378796,Industrials,7929510
TMO,Thermo Fisher Scientific Inc.,0.004756473810084214,Health Care,4485472
NKE,NIKE Inc. Class B,0.004459650441968113,Consumer Discretionary,14078062
LIN,Linde plc,0.004424502677914151,Materials,6080350
TXN,Texas Instruments Incorporated,0.004401451352315229,Information Technology,10510048
AVGO,Broadcom Inc.,0.0043924290915139125,Information Technology,4434603
AMGN,Amgen Inc.,0.004363700050183197,Health Care,6832637
SBUX,Starbucks Corporation,0.004336142600987612,Consumer Discretionary,13568314
UTX,United Technologies Corporation,0.004281999022571724,Industrials,9086631
ABBV,AbbVie Inc.,0.004232982411448038,Health Care,16560593
NVDA,NVIDIA Corporation,0.00407015113188067,Information Technology,6822196
NEE,NextEra Energy Inc.,0.004050013766207588,Utilities,5364940
MMM,3M Company,0.0039164422491945435,Industrials,6457374
LLY,Eli Lilly and Company,0.003813882876134523,Health Care,9679194
AMT,American Tower Corporation,0.0037176721305417996,Real Estate,4951518
MO,Altria Group Inc,0.003704293950263711,Consumer Staples,20958710
LMT,Lockheed Martin Corporation,0.003637943783704866,Industrials,2753537
DHR,Danaher Corporation,0.0036137408931867965,Health Care,7057588
QCOM,QUALCOMM Incorporated,0.0036016544683397504,Information Technology,13618512
GE,General Electric Company,0.0035437257461026664,Industrials,97692790
AXP,American Express Company,0.0035184513995293906,Financials,7704520
GILD,Gilead Sciences Inc.,0.0033913386596715607,Health Care,14280135
LOW,Lowe's Companies Inc.,0.0033000746364271727,Consumer Discretionary,8770530
BKNG,Booking Holdings Inc.,0.0032612618918479268,Consumer Discretionary,484987
USB,U.S. Bancorp,0.003216340846393206,Financials,16765107
MDLZ,Mondelez International Inc. Class A,0.0031705686442591165,Consumer Staples,16175565
ANTM,Anthem Inc.,0.003141178704800889,Health Care,2881005
CAT,Caterpillar Inc.,0.0030820183087807173,Industrials,6412309
CVS,CVS Health Corporation,0.003026853342349586,Health Care,14552663
CME,CME Group Inc. Class A,0.00296988592647979,Financials,4010167
BMY,Bristol-Myers Squibb Company,0.0029276084735351104,Health Care,18323718
INTU,Intuit Inc.,0.00289924993570012,Information Technology,2904364
UPS,United Parcel Service Inc. Class B,0.0028970369283337592,Industrials,7814145
ADP,Automatic Data Processing Inc.,0.0028899973619149746,Information Technology,4875458
GS,Goldman Sachs Group Inc.,0.0028897670489311453,Financials,3810788
CHTR,Charter Communications Inc. Class A,0.0028452465477961275,Communication Services,1932968
COP,ConocoPhillips,0.0027876282474068137,Energy,12641421
BDX,Becton Dickinson and Company,0.00277733425839044,Health Care,3021715
CB,Chubb Limited,0.0027385014865952085,Financials,5129362
TJX,TJX Companies Inc,0.0027227100267909077,Consumer Discretionary,13584816
CI,Cigna Corporation,0.002664841386201779,Health Care,4235890
SYK,Stryker Corporation,0.0026243864099117493,Health Care,3469194
CELG,Celgene Corporation,0.0026194897556033776,Health Care,7900429
DUK,Duke Energy Corporation,0.002617537102044824,Utilities,8155799
PNC,PNC Financial Services Group Inc.,0.002565386231619459,Financials,5054438
CL,Colgate-Palmolive Company,0.002545659423874074,Consumer Staples,9602157
D,Dominion Energy Inc,0.0025125344086346143,Utilities,8988208
ISRG,Intuitive Surgical Inc.,0.0024869396266055757,Health Care,1293166
BSX,Boston Scientific Corporation,0.0024146513905071295,Health Care,15578426
CSX,CSX Corporation,0.002392591412099473,Industrials,8632233
SPGI,S&P Global Inc.,0.0023683785079734107,Financials,2768385
SO,Southern Company,0.0023631914590332534,Utilities,11659557
BLK,BlackRock Inc.,0.002295359278491506,Financials,1332598
SLB,Schlumberger NV,0.002270645693965815,Energy,15446757
MS,Morgan Stanley,0.0022702551632541043,Financials,14321989
CCI,Crown Castle International Corp,0.0022426376324105645,Real Estate,4657235
NOC,Northrop Grumman Corporation,0.002217593598821118,Industrials,1902159
ZTS,Zoetis Inc. Class A,0.0021892450745941198,Health Care,5335958
NSC,Norfolk Southern Corporation,0.002154557936507817,Industrials,2980147
ILMN,Illumina Inc.,0.0021375948845683843,Health Care,1638264
EOG,EOG Resources Inc.,0.0021187893287583164,Energy,6500765
MMC,Marsh & McLennan Companies Inc.,0.0020945463838082765,Financials,5728310
DD,DuPont de Nemours Inc.,0.0020884080421088237,Materials,8375006
ICE,Intercontinental Exchange Inc.,0.0020801868699469143,Financials,6320393
AGN,Allergan plc,0.002055553394285164,Health Care,3451853
PLD,Prologis Inc.,0.0020541314619502175,Real Estate,7066262
DE,Deere & Company,0.002048373637354483,Industrials,3540265
GM,General Motors Company,0.0020374988590745394,Consumer Discretionary,14776823
ECL,Ecolab Inc.,0.002034444708636802,Materials,2841364
APD,Air Products and Chemicals Inc.,0.0020151584996430903,Materials,2465954
SPG,Simon Property Group Inc.,0.002008128946832298,Real Estate,3443176
RTN,Raytheon Company,0.0020048945514506943,Industrials,3137839
GD,General Dynamics Corporation,0.0020038331090034803,Industrials,3041885
PGR,Progressive Corporation,0.0019555675184792375,Financials,6507904
MU,Micron Technology Inc.,0.0019510313540585982,Information Technology,12506272
AIG,American International Group Inc.,0.0019446727129833086,Financials,9769325
EXC,Exelon Corporation,0.0019333573359516915,Utilities,10877043
MET,MetLife Inc.,0.0019294119744026144,Financials,10665362
SCHW,Charles Schwab Corporation,0.0019239645716546503,Financials,13253334
AON,Aon plc,0.0019008131099758016,Financials,2694153
KMB,Kimberly-Clark Corporation,0.0018988103883772855,Consumer Staples,3851098
WM,Waste Management Inc.,0.0018412321424199417,Industrials,4376735
BIIB,Biogen Inc.,0.0018200133070836613,Health Care,2190228
VRTX,Vertex Pharmaceuticals Incorporated,0.0018120424751215667,Health Care,2869353
AEP,American Electric Power Company Inc.,0.0017936875316711647,Utilities,5497861
TGT,Target Corporation,0.0017806197732408457,Consumer Discretionary,5739316
ITW,Illinois Tool Works Inc.,0.0017723184922149957,Industrials,3363269
EQIX,Equinix Inc.,0.0017697850493928727,Real Estate,941547
WBA,Walgreens Boots Alliance Inc,0.001737371000320886,Consumer Staples,8705930
LHX,L3Harris Technologies Inc,0.0017202277034375866,Industrials,2465655
AMAT,Applied Materials Inc.,0.0017178644919513375,Information Technology,10573918
COF,Capital One Financial Corporation,0.0017121567353955659,Financials,5260675
ADI,Analog Devices Inc.,0.001693080812169698,Information Technology,4142201
AFL,Aflac Incorporated,0.0016886648110449698,Financials,8350757
PSX,Phillips 66,0.0016826366190334356,Energy,4708998
FIS,Fidelity National Information Services Inc.,0.0016598656744583051,Information Technology,3619333
KMI,Kinder Morgan Inc Class P,0.001656140612285065,Energy,21701156
PRU,Prudential Financial Inc.,0.001650512964593234,Financials,4548297
EL,Estee Lauder Companies Inc. Class A,0.0016401088258889418,Consumer Staples,2456557
EW,Edwards Lifesciences Corporation,0.0016343710285091925,Health Care,2335629
TRV,Travelers Companies Inc.,0.0016105586687028338,Financials,2944835
F,Ford Motor Company,0.0016049710754429734,Consumer Discretionary,43898132
EMR,Emerson Electric Co.,0.0015898505273741752,Industrials,6906309
MAR,Marriott International Inc. Class A,0.0015763521838001754,Consumer Discretionary,3096167
ROP,Roper Technologies Inc.,0.0015759115850485016,Industrials,1154698
BAX,Baxter International Inc.,0.0015725470127629943,Health Care,5310631
FDX,FedEx Corporation,0.0015606909008997777,Industrials,2675161
BK,Bank of New York Mellon Corporation,0.001545540312007002,Financials,9868500
SRE,Sempra Energy,0.0015386609633160984,Utilities,3054650
BBT,BB&T Corporation,0.0015375093983969518,Financials,8517582
ROST,Ross Stores Inc.,0.0015322522542008461,Consumer Discretionary,4150201
ADSK,Autodesk Inc.,0.0015300893148744487,Information Technology,2460343
HUM,Humana Inc.,0.0015259036267335495,Health Care,1517844
SHW,Sherwin-Williams Company,0.001523860850703063,Materials,912976
OXY,Occidental Petroleum Corporation,0.0015117343714240467,Energy,8353238
CTSH,Cognizant Technology Solutions Corporation Class A,0.0015029824780385306,Information Technology,6415945
MPC,Marathon Petroleum Corporation,0.001492348026350409,Energy,7502407
PSA,Public Storage,0.0014919875364626759,Real Estate,1672502
HCA,HCA Healthcare Inc,0.0014798210027516894,Health Care,2974705
FISV,Fiserv Inc.,0.0014670636661691407,Information Technology,4364259
APC,Anadarko Petroleum Corporation,0.0014594533240947785,Energy,5651091
ATVI,Activision Blizzard Inc.,0.001457550738576188,Communication Services,8581213
DG,Dollar General Corporation,0.0014571101398245146,Consumer Discretionary,2893370
DAL,Delta Air Lines Inc.,0.0014404675233408441,Industrials,6673429
DOW,Dow Inc.,0.0014347297259610949,Materials,8369071
VLO,Valero Energy Corporation,0.0014248462948724169,Energy,4703546
WMB,Williams Companies Inc.,0.0013902993472980107,Energy,13496741
WELL,Welltower Inc.,0.0013862137952370375,Real Estate,4536260
ALL,Allstate Corporation,0.0013810668007288507,Financials,3731631
YUM,Yum! Brands Inc.,0.001366146524819904,Consumer Discretionary,3414892
SYY,Sysco Corporation,0.0013611297072156207,Consumer Staples,5270386
ETN,Eaton Corp. Plc,0.0013538798550289917,Industrials,4767432
MCO,Moody's Corporation,0.0013416131852380792,Financials,1854226
JCI,Johnson Controls International plc,0.001321926431924664,Industrials,8914448
STZ,Constellation Brands Inc. Class A,0.0013179510295516094,Consumer Staples,1858280
EBAY,eBay Inc.,0.0013039620191859728,Consumer Discretionary,9177469
NEM,Newmont Goldcorp Corporation,0.0012834841908411438,Materials,9106947
GIS,General Mills Inc.,0.001278136924173105,Consumer Staples,6651074
HPQ,HP Inc.,0.001277586175733513,Information Technology,17078042
XEL,Xcel Energy Inc.,0.001265810172734237,Utilities,5765560
TEL,TE Connectivity Ltd.,0.0012549854624942566,Information Technology,3773618
ORLY,O'Reilly Automotive Inc.,0.0012508198015693426,Consumer Discretionary,886009
PEG,Public Service Enterprise Group Inc,0.0012199979161681767,Utilities,5633324
IR,Ingersoll-Rand Plc,0.0012076911919452942,Industrials,2702502
XLNX,Xilinx Inc.,0.0011984286045521562,Information Technology,2821791
HLT,Hilton Worldwide Holdings Inc,0.001188264792439686,Consumer Discretionary,3288790
AVB,AvalonBay Communities Inc.,0.0011846198391303863,Real Estate,1561812
AMD,Advanced Micro Devices Inc.,0.001178501524646919,Information Technology,9935289
ED,Consolidated Edison Inc.,0.001173194312410851,Utilities,3664087
EQR,Equity Residential,0.0011730040538589918,Real Estate,4123217
OKE,ONEOK Inc.,0.0011697996993013655,Energy,4588192
APH,Amphenol Corporation Class A,0.0011634210310100912,Information Technology,3346317
STI,SunTrust Banks Inc.,0.0011467283464864579,Financials,4939819
VFC,V.F. Corporation,0.0011413710662104266,Consumer Discretionary,3620254
AZO,AutoZone Inc.,0.0011335304111522353,Consumer Discretionary,274981
MSI,Motorola Solutions Inc.,0.0011330898124005619,Information Technology,1846051
EA,Electronic Arts Inc.,0.0011284835527239742,Communication Services,3364202
LRCX,Lam Research Corporation,0.0011275623007886567,Information Technology,1699736
PPG,PPG Industries Inc.,0.0011103889630813795,Materials,2667901
MCK,McKesson Corporation,0.0011027185393590621,Health Care,2136966
PAYX,Paychex Inc.,0.0010919438971590443,Information Technology,3566594
WEC,WEC Energy Group Inc,0.00108618607256331,Utilities,3515218
ALXN,Alexion Pharmaceuticals Inc.,0.001085685392163681,Health Care,2490687
TWTR,Twitter Inc.,0.0010840631876688827,Communication Services,8119860
SBAC,SBA Communications Corp. Class A,0.0010667897138816795,Real Estate,1264249
DFS,Discover Financial Services,0.0010576673170004378,Financials,3657806
DLTR,Dollar Tree Inc.,0.0010561252213695802,Consumer Discretionary,2652552
TROW,T. Rowe Price Group,0.0010481543894074853,Financials,2672258
LYB,LyondellBasell Industries NV,0.001033184045458576,Materials,3390940
VTR,Ventas Inc.,0.0010310912013881265,Real Estate,4138464
LUV,Southwest Airlines Co.,0.0010306506026364528,Industrials,5541160
GPN,Global Payments Inc.,0.0010297193370931428,Information Technology,1748583
GLW,Corning Inc,0.001023971526105401,Information Technology,8767818
FLT,FleetCor Technologies Inc.,0.0010231704374659945,Information Technology,971979
MNST,Monster Beverage Corporation,0.00101892466767714,Consumer Staples,4382493
IQV,IQVIA Holdings Inc,0.0010145987890243446,Health Care,1775804
WLTW,Willis Towers Watson Public Limited Company,0.001013347088025272,Financials,1438770
ES,Eversource Energy,0.0010075091545655968,Utilities,3597274
DLR,Digital Realty Trust Inc.,0.00100604716779868,Real Estate,2316740
CERN,Cerner Corporation,9.907864292179858e-4,Health Care,3626310
ZBH,Zimmer Biomet Holdings Inc.,9.893344560590615e-4,Health Care,2278822
VRSK,Verisk Analytics Inc,9.850286046222513e-4,Industrials,1815846
PCAR,PACCAR Inc,9.7932084806648e-4,Industrials,3856289
IDXX,IDEXX Laboratories Inc.,9.774483033718672e-4,Health Care,954336
CMI,Cummins Inc.,9.769776637962159e-4,Industrials,1612541
PXD,Pioneer Natural Resources Company,9.708893901367264e-4,Energy,1867996
BLL,Ball Corporation,9.707692268408155e-4,Materials,3802731
TSN,Tyson Foods Inc. Class A,9.648712117331849e-4,Consumer Staples,3302482
MTB,M&T Bank Corporation,9.621074559272323e-4,Financials,1543127
DTE,DTE Energy Company,9.589131149775989e-4,Utilities,2030534
TDG,TransDigm Group Incorporated,9.578216317064074e-4,Industrials,542340
INFO,IHS Markit Ltd.,9.506518883837192e-4,Industrials,4051324
FTV,Fortive Corp.,9.446537371961628e-4,Industrials,3303457
ADM,Archer-Daniels-Midland Company,9.358217349467058e-4,Consumer Staples,6250251
VRSN,VeriSign Inc.,9.286720188400028e-4,Information Technology,1184098
REGN,Regeneron Pharmaceuticals Inc.,9.146129132184182e-4,Health Care,873528
EIX,Edison International,9.113584906208291e-4,Utilities,3631248
A,Agilent Technologies Inc.,9.110781095970369e-4,Health Care,3539557
SYF,Synchrony Financial,9.084245034790028e-4,Financials,7104044
O,Realty Income Corporation,8.941150576576037e-4,Real Estate,3526733
PPL,PPL Corporation,8.836107828733859e-4,Utilities,8085053
CNC,Centene Corporation,8.793650130845313e-4,Health Care,4605176
FE,FirstEnergy Corp.,8.782034345573918e-4,Utilities,5615145
TSS,Total System Services Inc.,8.76090563270957e-4,Information Technology,1848974
SWK,Stanley Black & Decker Inc.,8.743481954802479e-4,Industrials,1692291
PH,Parker-Hannifin Corporation,8.538403263114409e-4,Industrials,1456215
MCHP,Microchip Technology Incorporated,8.504356995939632e-4,Information Technology,2641542
AWK,American Water Works Company Inc.,8.500852233142229e-4,Utilities,2016920
MTD,Mettler-Toledo International Inc.,8.49604570130579e-4,Health Care,277255
CDNS,Cadence Design Systems Inc.,8.494743932266755e-4,Information Technology,3148367
STT,State Street Corporation,8.342737362939367e-4,Financials,4224592
HAL,Halliburton Company,8.301180889770153e-4,Energy,9700806
CXO,Concho Resources Inc.,8.247808359169693e-4,Energy,2238318
FITB,Fifth Third Bancorp,8.197840455286712e-4,Financials,8145555
BXP,Boston Properties Inc.,8.187326166894502e-4,Real Estate,1722323
HIG,Hartford Financial Services Group Inc.,8.175209701223479e-4,Financials,4007224
ALGN,Align Technology Inc.,8.170803713706742e-4,Health Care,805860
SNPS,Synopsys Inc.,8.165796909710451e-4,Information Technology,1668050
CTAS,Cintas Corporation,8.158587111955794e-4,Industrials,947492
AME,AMETEK Inc.,8.155683165637944e-4,Industrials,2537208
APTV,Aptiv PLC,8.145869829805215e-4,Consumer Discretionary,2921174
AMP,Ameriprise Financial Inc.,8.144568060766179e-4,Financials,1509098
MSCI,MSCI Inc. Class A,8.103211859756816e-4,Financials,939929
UAL,United Airlines Holdings Inc.,8.095401245522603e-4,Industrials,2521529
NTRS,Northern Trust Corporation,8.070767769860853e-4,Financials,2462679
ESS,Essex Property Trust Inc.,8.047436063238139e-4,Real Estate,733048
CLX,Clorox Company,7.962320395301195e-4,Consumer Staples,1429527
CTVA,Corteva Inc,7.942193043236106e-4,Materials,8375226
KLAC,KLA-Tencor Corporation,7.925770726128272e-4,Information Technology,1839915
ETR,Entergy Corporation,7.922165827250943e-4,Utilities,2113930
HPE,Hewlett Packard Enterprise Co.,7.857177511379088e-4,Information Technology,14999141
ULTA,Ulta Beauty Inc,7.783577492633615e-4,Consumer Discretionary,625210
MKC,McCormick & Company Incorporated,7.697660736057265e-4,Consumer Staples,1366513
WY,Weyerhaeuser Company,7.687446855904833e-4,Real Estate,8301378
KHC,Kraft Heinz Company,7.631871331546005e-4,Consumer Staples,6939950
RCL,Royal Caribbean Cruises Ltd.,7.581202475103543e-4,Consumer Discretionary,1913905
HSY,Hershey Company,7.577697712306139e-4,Consumer Staples,1540576
RSG,Republic Services Inc.,7.533437564978928e-4,Industrials,2402335
CBS,CBS Corporation Class B,7.508603817157326e-4,Communication Services,3942580
AEE,Ameren Corporation,7.502094971962148e-4,Utilities,2726794
ROK,Rockwell Automation Inc.,7.429896858335635e-4,Industrials,1325740
OMC,Omnicom Group Inc,7.40826746507166e-4,Communication Services,2468342
CHD,Church & Dwight Co. Inc.,7.3855365749285e-4,Consumer Staples,2740934
CCL,Carnival Corporation,7.321449483775978e-4,Consumer Discretionary,4452476
VMC,Vulcan Materials Company,7.262869877019375e-4,Materials,1479608
AMCR,Amcor PLC,7.228222793365044e-4,Materials,18182192
CMG,Chipotle Mexican Grill Inc.,7.204190134182847e-4,Consumer Discretionary,271314
KEY,KeyCorp,7.191372715952344e-4,Financials,11241296
RMD,ResMed Inc.,7.146411616065653e-4,Health Care,1597012
ANSS,ANSYS Inc.,7.125883719680861e-4,Information Technology,939931
KR,Kroger Co.,7.055187647253236e-4,Consumer Staples,9036611
LH,Laboratory Corporation of America Holdings,7.038865466225326e-4,Health Care,1121346
FAST,Fastenal Company,6.957254561085788e-4,Industrials,6386860
BBY,Best Buy Co. Inc.,6.87153807666929e-4,Consumer Discretionary,2596825
IP,International Paper Company,6.871037396269661e-4,Materials,4500653
MXIM,Maxim Integrated Products Inc.,6.835088543576293e-4,Information Technology,3105149
NUE,Nucor Corporation,6.76769696178622e-4,Materials,3486561
FANG,Diamondback Energy Inc.,6.764893151548297e-4,Energy,1724710
FRC,First Republic Bank,6.749372059159796e-4,Financials,1859914
KEYS,Keysight Technologies Inc,6.748771242680241e-4,Information Technology,2095548
CMS,CMS Energy Corporation,6.728643890615152e-4,Utilities,3178558
AJG,Arthur J. Gallagher & Co.,6.727241985496191e-4,Financials,2051808
CFG,Citizens Financial Group Inc.,6.695598984239632e-4,Financials,5247854
EFX,Equifax Inc.,6.605476512306399e-4,Industrials,1347046
COO,Cooper Companies Inc.,6.589554875598195e-4,Health Care,549796
ARE,Alexandria Real Estate Equities Inc.,6.550902348746831e-4,Real Estate,1257092
CBRE,CBRE Group Inc. Class A,6.534980712038625e-4,Real Estate,3483864
CINF,Cincinnati Financial Corporation,6.51285063837502e-4,Financials,1699481
SYMC,Symantec Corporation,6.450265588421385e-4,Information Technology,7066653
FCX,Freeport-McMoRan Inc.,6.36545032872422e-4,Materials,15982992
HES,Hess Corporation,6.362245974166593e-4,Energy,2837620
EXPE,Expedia Group Inc.,6.286342825582826e-4,Consumer Discretionary,1308109
RF,Regions Financial Corporation,6.258104451043747e-4,Financials,11452495
WDC,Western Digital Corporation,6.241581997855986e-4,Information Technology,3206019
TFX,Teleflex Incorporated,6.234872880500958e-4,Health Care,517213
WAT,Waters Corporation,6.19411749597115e-4,Health Care,796112
HCP,HCP Inc.,6.191113413573376e-4,Real Estate,5288204
CPRT,Copart Inc.,6.134436392335365e-4,Industrials,2226514
PFG,Principal Financial Group Inc.,6.099989580840884e-4,Financials,2920201
BR,Broadridge Financial Solutions Inc.,6.089375156368747e-4,Information Technology,1283900
L,Loews Corporation,6.081864950374311e-4,Financials,3065242
GPC,Genuine Parts Company,6.07305297534084e-4,Consumer Discretionary,1629086
IT,Gartner Inc.,6.056630658233007e-4,Information Technology,995900
EVRG,Evergy Inc.,6.038706299926284e-4,Utilities,2734440
DHI,D.R. Horton Inc.,5.998752004035885e-4,Consumer Discretionary,3764715
DRI,Darden Restaurants Inc.,5.997149826757072e-4,Consumer Discretionary,1366369
NTAP,NetApp Inc.,5.98092778180909e-4,Information Technology,2752125
DXC,DXC Technology Co.,5.950386277431716e-4,Information Technology,2989235
KMX,CarMax Inc.,5.930058653206776e-4,Consumer Discretionary,1861855
HBAN,Huntington Bancshares Incorporated,5.855457273662043e-4,Financials,11774672
XYL,Xylem Inc.,5.835229785517028e-4,Industrials,2004116
MGM,MGM Resorts International,5.827018626963112e-4,Consumer Discretionary,5641050
CNP,CenterPoint Energy Inc.,5.824014544565337e-4,Utilities,5585703
WCG,WellCare Health Plans Inc.,5.797979163784625e-4,Health Care,563519
INCY,Incyte Corporation,5.771943783003913e-4,Health Care,1980424
ABC,AmerisourceBergen Corporation,5.724579417199003e-4,Health Care,1762398
CAH,Cardinal Health Inc.,5.723077376000115e-4,Health Care,3305176
IFF,International Flavors & Fragrances Inc.,5.709959549529834e-4,Materials,1115375
DOV,Dover Corporation,5.701347846656214e-4,Industrials,1627615
ANET,Arista Networks Inc.,5.685826754267712e-4,Information Technology,582820
EXR,Extra Space Storage Inc.,5.637661299823395e-4,Real Estate,1420673
SWKS,Skyworks Solutions Inc.,5.593000608176482e-4,Information Technology,1968732
MAA,Mid-America Apartment Communities Inc.,5.560957062600221e-4,Real Estate,1270822
MLM,Martin Marietta Materials Inc.,5.551243862847417e-4,Materials,687642
DGX,Quest Diagnostics Incorporated,5.530015013903145e-4,Health Care,1489142
LEN,Lennar Corporation Class A,5.495367930248812e-4,Consumer Discretionary,3214990
K,Kellogg Company,5.4631241125127e-4,Consumer Staples,2788719
CE,Celanese Corporation,5.42437144958141e-4,Materials,1435324
LNC,Lincoln National Corporation,5.397034299761661e-4,Financials,2275317
HST,Host Hotels & Resorts Inc.,5.384216881531156e-4,Real Estate,8263442
MKTX,MarketAxess Holdings Inc.,5.372601096259763e-4,Financials,422366
AAL,American Airlines Group Inc.,5.34276054444187e-4,Industrials,4508239
XRAY,DENTSPLY SIRONA Inc.,5.338254420845208e-4,Health Care,2620796
AKAM,Akamai Technologies Inc.,5.333548025088695e-4,Information Technology,1806432
TSCO,Tractor Supply Company,5.302105295991988e-4,Consumer Discretionary,1337097
CAG,Conagra Brands Inc.,5.300703390873027e-4,Consumer Staples,5376137
UDR,UDR Inc.,5.266556987618325e-4,Real Estate,3156645
TTWO,Take-Two Interactive Software Inc.,5.239019565638725e-4,Communication Services,1253052
SJM,J.M. Smucker Company,5.215387450776233e-4,Consumer Staples,1269385
BHGE,Baker Hughes a GE Company Class A,5.182242408320787e-4,Energy,5722475
FOXA,Fox Corporation Class A,5.120758855246337e-4,Communication Services,3932819
HOLX,Hologic Inc.,5.120158038766782e-4,Health Care,2996710
WYNN,Wynn Resorts Limited,5.057773260972999e-4,Consumer Discretionary,1078963
CTXS,Citrix Systems Inc.,5.047759652980419e-4,Information Technology,1411233
ATO,Atmos Energy Corporation,5.003399369573283e-4,Utilities,1303265
EXPD,Expeditors International of Washington Inc.,4.989380318383668e-4,Industrials,1919923
CBOE,Cboe Global Markets Inc,4.977263852712644e-4,Financials,1227617
HAS,Hasbro Inc.,4.972357184796278e-4,Consumer Discretionary,1287842
VAR,Varian Medical Systems Inc.,4.937509828982095e-4,Health Care,1018235
TXT,Textron Inc.,4.92689540450996e-4,Industrials,2614594
KSU,Kansas City Southern,4.88333620974223e-4,Industrials,1123607
FTNT,Fortinet Inc.,4.8811332159838614e-4,Information Technology,1618393
NDAQ,Nasdaq Inc.,4.850091031206859e-4,Financials,1299662
STX,Seagate Technology PLC,4.8144425867532685e-4,Information Technology,2875755
ABMD,ABIOMED Inc.,4.8035277540413546e-4,Health Care,503133
DVN,Devon Energy Corporation,4.7826994494167853e-4,Energy,4651077
LNT,Alliant Energy Corp,4.7541606666379275e-4,Utilities,2634803
DRE,Duke Realty Corporation,4.729727463136029e-4,Real Estate,4009187
GWW,W.W. Grainger Inc.,4.7199141273032995e-4,Industrials,500551
CMA,Comerica Incorporated,4.6595320711080324e-4,Financials,1790010
CTL,CenturyLink Inc.,4.654825675351519e-4,Communication Services,10748451
MAS,Masco Corporation,4.627388389451846e-4,Industrials,3383271
REG,Regency Centers Corporation,4.5994504231525434e-4,Real Estate,1868680
MRO,Marathon Oil Corporation,4.585431371962929e-4,Energy,9362670
AAP,Advance Auto Parts Inc.,4.554389187185927e-4,Consumer Discretionary,812173
CHRW,C.H. Robinson Worldwide Inc.,4.546478436871787e-4,Industrials,1529641
VNO,Vornado Realty Trust,4.545376939992603e-4,Real Estate,1934695
WAB,Westinghouse Air Brake Technologies Corporation,4.5384675504777223e-4,Industrials,1812226
SIVB,SVB Financial Group,4.5134335304962685e-4,Financials,579508
AES,AES Corporation,4.497712165947915e-4,Utilities,7391285
UHS,Universal Health Services Inc. Class B,4.460461544215512e-4,Health Care,947264
ETFC,E*TRADE Financial Corporation,4.4563559649385534e-4,Financials,2744215
FMC,FMC Corporation,4.455354604139295e-4,Materials,1501506
RJF,Raymond James Financial Inc.,4.435227252074206e-4,Financials,1447828
HRL,Hormel Foods Corporation,4.429619631598361e-4,Consumer Staples,2995114
VIAB,Viacom Inc. Class B,4.402282481778614e-4,Communication Services,3869356
NI,NiSource Inc,4.3975760860220995e-4,Utilities,4151976
FTI,TechnipFMC Plc,4.363930363167026e-4,Energy,4760344
NBL,Noble Energy Inc.,4.312660690245009e-4,Energy,5394863
NCLH,Norwegian Cruise Line Holdings Ltd.,4.3082547027282727e-4,Consumer Discretionary,2419902
URI,United Rentals Inc.,4.2934345628992517e-4,Industrials,911169
PNW,Pinnacle West Capital Corporation,4.273307210834163e-4,Utilities,1257540
JKHY,Jack Henry & Associates Inc.,4.256784757646404e-4,Information Technology,854212
PKI,PerkinElmer Inc.,4.2528794505292973e-4,Health Care,1236901
BEN,Franklin Resources Inc.,4.213926515438155e-4,Financials,3372005
EMN,Eastman Chemical Company,4.196102293211359e-4,Materials,1553103
HSIC,Henry Schein Inc.,4.1904946727355146e-4,Health Care,1681710
COG,Cabot Oil & Gas Corporation,4.1520424180440014e-4,Energy,4860199
RE,Everest Re Group Ltd.,4.150340104685262e-4,Financials,450304
DISCK,Discovery Inc. Class C,4.1490383356462265e-4,Communication Services,3965647
ARNC,Arconic Inc.,4.1279096227818797e-4,Industrials,4473101
CF,CF Industries Holdings Inc.,4.1240043156647727e-4,Materials,2557643
ALLE,Allegion PLC,4.106280229517904e-4,Industrials,1047375
TIF,Tiffany & Co.,4.0602176327520287e-4,Consumer Discretionary,1202182
TAP,Molson Coors Brewing Company Class B,4.054509876196257e-4,Consumer Staples,2063231
APA,Apache Corporation,4.020563745101406e-4,Energy,4190632
HII,Huntington Ingalls Industries Inc.,3.9763035977741955e-4,Industrials,476230
LW,Lamb Weston Holdings Inc.,3.964988220742578e-4,Consumer Staples,1635214
AVY,Avery Dennison Corporation,3.953272299391258e-4,Materials,955608
JEC,Jacobs Engineering Group Inc.,3.94245760275927e-4,Industrials,1307321
FRT,Federal Realty Investment Trust,3.918625215736926e-4,Real Estate,829222
MYL,Mylan N.V.,3.8809740496848193e-4,Health Care,5681013
NRG,NRG Energy Inc.,3.864251324337208e-4,Utilities,2992535
GRMN,Garmin Ltd.,3.776031437922565e-4,Consumer Discretionary,1332350
TMK,Torchmark Corporation,3.759208576495028e-4,Financials,1142806
BF.B,Brown-Forman Corporation Class B,3.741584626428085e-4,Consumer Staples,1849609
MHK,Mohawk Industries Inc.,3.7161500621269274e-4,Consumer Discretionary,695309
DISH,DISH Network Corporation Class A,3.6759954940766756e-4,Communication Services,2509864
PKG,Packaging Corporation of America,3.6713892344000885e-4,Materials,1034106
WRK,WestRock Company,3.6518626988145544e-4,Materials,2812442
JNPR,Juniper Networks Inc.,3.635139973466943e-4,Information Technology,3827598
WU,Western Union Company,3.603997652610015e-4,Information Technology,4921502
WHR,Whirlpool Corporation,3.5950855414966173e-4,Consumer Discretionary,702501
IPG,Interpublic Group of Companies Inc.,3.5211851145113655e-4,Communication Services,4224650
ZION,Zions Bancorporation N.A.,3.5185815764332947e-4,Financials,2139311
SNA,Snap-on Incorporated,3.494849325490876e-4,Industrials,622398
TPR,Tapestry Inc.,3.450989722483369e-4,Consumer Discretionary,3236259
FFIV,F5 Networks Inc.,3.431963867297464e-4,Information Technology,670020
QRVO,Qorvo Inc.,3.413438692511188e-4,Information Technology,1372015
NOV,National Oilwell Varco Inc.,3.381595419094779e-4,Energy,4280170
PHM,PulteGroup Inc.,3.3753869821393786e-4,Consumer Discretionary,2877809
IRM,Iron Mountain Inc.,3.3563611269534735e-4,Real Estate,3152857
LKQ,LKQ Corporation,3.30068546651472e-4,Consumer Discretionary,3505894
BWA,BorgWarner Inc.,3.223981229291546e-4,Consumer Discretionary,2302807
NLSN,Nielsen Holdings Plc,3.222178779852881e-4,Industrials,3928547
IVZ,Invesco Ltd.,3.19804598459076e-4,Financials,4501652
AIV,Apartment Investment and Management Company Class A,3.191737411555433e-4,Real Estate,1723640
KSS,Kohl's Corporation,3.184327341640923e-4,Consumer Discretionary,1844383
MOS,Mosaic Company,3.1526843403843654e-4,Materials,3906956
FBHS,Fortune Brands Home & Security Inc.,3.085793438993921e-4,Industrials,1566254
HFC,HollyFrontier Corporation,3.0849923503545144e-4,Energy,1785716
CPB,Campbell Soup Company,3.0736769733228974e-4,Consumer Staples,2096068
KIM,Kimco Realty Corporation,3.070672890925123e-4,Real Estate,4658902
ALK,Alaska Air Group Inc.,3.069471257966013e-4,Industrials,1351291
ALB,Albemarle Corporation,3.0269134239975417e-4,Materials,1195283
JBHT,J.B. Hunt Transport Services Inc.,2.992366476423135e-4,Industrials,950313
FLIR,FLIR Systems Inc.,2.8959354314545753e-4,Information Technology,1503040
DVA,DaVita Inc.,2.827943033184947e-4,Health Care,1397243
UNM,Unum Group,2.8151256149544425e-4,Financials,2403085
XRX,Xerox Corporation,2.787788465134695e-4,Information Technology,2225083
SLG,SL Green Realty Corp.,2.780077986980407e-4,Real Estate,952361
ADS,Alliance Data Systems Corporation,2.7715664201867127e-4,Information Technology,522051
RHI,Robert Half International Inc.,2.7671604326699766e-4,Industrials,1346437
AIZ,Assurant Inc.,2.720597155504473e-4,Financials,688706
SEE,Sealed Air Corporation,2.7122858608706304e-4,Materials,1749028
PVH,PVH Corp.,2.6752355112980784e-4,Consumer Discretionary,844973
FLS,Flowserve Corporation,2.657211016911432e-4,Industrials,1433881
PBCT,People's United Financial Inc.,2.65200394075529e-4,Financials,4418111
M,Macy's Inc,2.577702969450335e-4,Consumer Discretionary,3357167
AOS,A. O. Smith Corporation,2.5242303027699493e-4,Industrials,1587367
PRGO,Perrigo Co. Plc,2.520124723492991e-4,Health Care,1384842
RL,Ralph Lauren Corporation Class A,2.4716588608088963e-4,Consumer Discretionary,619996
PNR,Pentair plc,2.4032659182195648e-4,Industrials,1808377
HOG,Harley-Davidson Inc.,2.3731249581618942e-4,Consumer Discretionary,1832183
HBI,Hanesbrands Inc.,2.34188250122504e-4,Consumer Discretionary,4059062
FOX,Fox Corporation Class B,2.333571206591197e-4,Communication Services,1791202
LB,L Brands Inc.,2.2982231703773842e-4,Consumer Discretionary,2514827
NKTR,Nektar Therapeutics,2.288309698464729e-4,Health Care,1902092
NWL,Newell Brands Inc,2.2723880617565243e-4,Consumer Discretionary,4332084
HRB,H&R Block Inc.,2.26507812792194e-4,Consumer Discretionary,2244181
XEC,Cimarex Energy Co.,2.2283281865891652e-4,Energy,1130841
HP,Helmerich & Payne Inc.,2.216612265237845e-4,Energy,1193322
JEF,Jefferies Financial Group Inc.,2.1995891316504564e-4,Financials,2927682
ROL,Rollins Inc.,2.1761572889478158e-4,Industrials,1627360
PWR,Quanta Services Inc.,2.1752560642284834e-4,Industrials,1619757
CPRI,Capri Holdings Limited,2.1448146959310356e-4,Consumer Discretionary,1703080
NWSA,News Corporation Class A,1.992307446204019e-4,Communication Services,4200204
LEG,Leggett & Platt Incorporated,1.9682747870218234e-4,Consumer Discretionary,1449713
IPGP,IPG Photonics Corporation,1.9656712489437523e-4,Information Technology,396505
UAA,Under Armour Inc. Class A,1.9423395423210374e-4,Consumer Discretionary,2038236
DISCA,Discovery Inc. Class A,1.9405370928823727e-4,Communication Services,1710459
AMG,Affiliated Managers Group Inc.,1.9219117820161712e-4,Financials,588519
FL,Foot Locker Inc.,1.9042878319492273e-4,Consumer Discretionary,1286001
TRIP,TripAdvisor Inc.,1.8580249630235007e-4,Communication Services,1126967
UA,Under Armour Inc. Class C,1.7196369005660243e-4,Consumer Discretionary,2064110
GPS,Gap Inc.,1.5723367269951502e-4,Consumer Discretionary,2411815
MAC,Macerich Company,1.4105168218350326e-4,Real Estate,1180164
JWN,Nordstrom Inc.,1.383279808095211e-4,Consumer Discretionary,1261155
COTY,Coty Inc. Class A,0.00013577451077141281,Consumer Staples,3366776
NWS,News Corporation Class B,6.15035802904357e-5,Communication Services,1256728
